,A,R,N,D,C,Q,E,G,H,I,L,K,M,F,P,S,T,W,Y,V,B,Z,X,*
A,5.0,-2.0,-2.0,-2.0,-1.0,-1.0,-1.0,0.0,-2.0,-2.0,-2.0,-1.0,-1.0,-3.0,-1.0,1.0,0.0,-3.0,-2.0,0.0,-2.0,-1.0,-1.0,-6.0
R,-2.0,6.0,-1.0,-2.0,-4.0,1.0,-1.0,-3.0,0.0,-3.0,-3.0,2.0,-2.0,-4.0,-2.0,-1.0,-1.0,-4.0,-3.0,-3.0,-1.0,0.0,-1.0,-6.0
N,-2.0,-1.0,6.0,1.0,-3.0,0.0,-1.0,-1.0,0.0,-4.0,-4.0,0.0,-3.0,-4.0,-3.0,0.0,0.0,-4.0,-3.0,-4.0,5.0,0.0,-1.0,-6.0
D,-2.0,-2.0,1.0,6.0,-4.0,-1.0,1.0,-2.0,-2.0,-4.0,-5.0,-1.0,-4.0,-4.0,-2.0,-1.0,-1.0,-6.0,-4.0,-4.0,5.0,1.0,-1.0,-6.0
C,-1.0,-4.0,-3.0,-4.0,9.0,-4.0,-5.0,-4.0,-4.0,-2.0,-2.0,-4.0,-2.0,-3.0,-4.0,-2.0,-1.0,-3.0,-3.0,-1.0,-4.0,-4.0,-1.0,-6.0
Q,-1.0,1.0,0.0,-1.0,-4.0,6.0,2.0,-2.0,1.0,-3.0,-3.0,1.0,0.0,-4.0,-2.0,0.0,-1.0,-3.0,-2.0,-3.0,0.0,4.0,-1.0,-6.0
E,-1.0,-1.0,-1.0,1.0,-5.0,2.0,6.0,-3.0,0.0,-4.0,-4.0,1.0,-2.0,-4.0,-2.0,0.0,-1.0,-4.0,-3.0,-3.0,1.0,5.0,-1.0,-6.0
G,0.0,-3.0,-1.0,-2.0,-4.0,-2.0,-3.0,6.0,-3.0,-5.0,-4.0,-2.0,-4.0,-4.0,-3.0,-1.0,-2.0,-4.0,-4.0,-4.0,-1.0,-3.0,-1.0,-6.0
H,-2.0,0.0,0.0,-2.0,-4.0,1.0,0.0,-3.0,8.0,-4.0,-3.0,-1.0,-2.0,-2.0,-3.0,-1.0,-2.0,-3.0,2.0,-4.0,-1.0,0.0,-1.0,-6.0
I,-2.0,-3.0,-4.0,-4.0,-2.0,-3.0,-4.0,-5.0,-4.0,5.0,1.0,-3.0,1.0,-1.0,-4.0,-3.0,-1.0,-3.0,-2.0,3.0,-4.0,-4.0,-1.0,-6.0
L,-2.0,-3.0,-4.0,-5.0,-2.0,-3.0,-4.0,-4.0,-3.0,1.0,4.0,-3.0,2.0,0.0,-3.0,-3.0,-2.0,-2.0,-2.0,1.0,-4.0,-3.0,-1.0,-6.0
K,-1.0,2.0,0.0,-1.0,-4.0,1.0,1.0,-2.0,-1.0,-3.0,-3.0,5.0,-2.0,-4.0,-1.0,-1.0,-1.0,-4.0,-3.0,-3.0,-1.0,1.0,-1.0,-6.0
M,-1.0,-2.0,-3.0,-4.0,-2.0,0.0,-2.0,-4.0,-2.0,1.0,2.0,-2.0,6.0,0.0,-3.0,-2.0,-1.0,-2.0,-2.0,1.0,-3.0,-1.0,-1.0,-6.0
F,-3.0,-4.0,-4.0,-4.0,-3.0,-4.0,-4.0,-4.0,-2.0,-1.0,0.0,-4.0,0.0,6.0,-4.0,-3.0,-2.0,0.0,3.0,-1.0,-4.0,-4.0,-1.0,-6.0
P,-1.0,-2.0,-3.0,-2.0,-4.0,-2.0,-2.0,-3.0,-3.0,-4.0,-3.0,-1.0,-3.0,-4.0,8.0,-1.0,-2.0,-5.0,-4.0,-3.0,-2.0,-2.0,-1.0,-6.0
S,1.0,-1.0,0.0,-1.0,-2.0,0.0,0.0,-1.0,-1.0,-3.0,-3.0,-1.0,-2.0,-3.0,-1.0,5.0,1.0,-4.0,-2.0,-2.0,0.0,0.0,-1.0,-6.0
T,0.0,-1.0,0.0,-1.0,-1.0,-1.0,-1.0,-2.0,-2.0,-1.0,-2.0,-1.0,-1.0,-2.0,-2.0,1.0,5.0,-4.0,-2.0,0.0,-1.0,-1.0,-1.0,-6.0
W,-3.0,-4.0,-4.0,-6.0,-3.0,-3.0,-4.0,-4.0,-3.0,-3.0,-2.0,-4.0,-2.0,0.0,-5.0,-4.0,-4.0,11.0,2.0,-3.0,-5.0,-3.0,-1.0,-6.0
Y,-2.0,-3.0,-3.0,-4.0,-3.0,-2.0,-3.0,-4.0,2.0,-2.0,-2.0,-3.0,-2.0,3.0,-4.0,-2.0,-2.0,2.0,7.0,-2.0,-3.0,-3.0,-1.0,-6.0
V,0.0,-3.0,-4.0,-4.0,-1.0,-3.0,-3.0,-4.0,-4.0,3.0,1.0,-3.0,1.0,-1.0,-3.0,-2.0,0.0,-3.0,-2.0,4.0,-4.0,-3.0,-1.0,-6.0
B,-2.0,-1.0,5.0,5.0,-4.0,0.0,1.0,-1.0,-1.0,-4.0,-4.0,-1.0,-3.0,-4.0,-2.0,0.0,-1.0,-5.0,-3.0,-4.0,5.0,0.0,-1.0,-6.0
Z,-1.0,0.0,0.0,1.0,-4.0,4.0,5.0,-3.0,0.0,-4.0,-3.0,1.0,-1.0,-4.0,-2.0,0.0,-1.0,-3.0,-3.0,-3.0,0.0,5.0,-1.0,-6.0
X,-1.0,-1.0,-1.0,-1.0,-1.0,-1.0,-1.0,-1.0,-1.0,-1.0,-1.0,-1.0,-1.0,-1.0,-1.0,-1.0,-1.0,-1.0,-1.0,-1.0,-1.0,-1.0,-1.0,-6.0
*,-6.0,-6.0,-6.0,-6.0,-6.0,-6.0,-6.0,-6.0,-6.0,-6.0,-6.0,-6.0,-6.0,-6.0,-6.0,-6.0,-6.0,-6.0,-6.0,-6.0,-6.0,-6.0,-6.0,1.0
